fecha_registro,nombre,sexo,fecha_nacimiento,cp,n_hijos_menores,email
25-01-2023,Anna Graham,H,16-11-1938,28022,1,johnsoncourtney@example.org
24-04-2023,Karen Mack,M,14-09-1981,28055,5,pbrennan@example.com
10-02-2023,Dawn Lawson DDS,M,30-06-1960,28031,2,tara90@example.com
16-03-2023,Amber Salazar,H,24-02-1994,28010,4,zmartinez@example.com
27-06-2023,Lori Smith,M,11-08-2000,28044,5,michellegordon@example.net
29-01-2023,Donna Lee,M,10-06-1992,28049,4,shannon81@example.com
12-07-2023,Bill Hamilton,H,01-06-1952,28039,4,samantha28@example.org
21-06-2023,Daniel Zuniga,M,20-01-2003,28053,2,justin60@example.com
13-05-2023,Shannon Jackson MD,H,29-01-1936,28043,3,westsharon@example.net
13-02-2023,Amy Davis,M,06-06-1951,28017,3,garymitchell@example.net
16-06-2023,Jeffrey Cowan,H,10-03-1975,28019,2,kristen60@example.org
09-02-2023,Oscar Wilson,M,15-04-1971,28082,1,justin37@example.net
17-05-2023,Douglas Williams,H,04-08-1935,28006,3,lcoleman@example.net
24-05-2023,Tiffany Shepherd,M,24-01-1977,28039,2,poncekimberly@example.net
05-01-2023,Margaret Sanders,H,21-09-1954,28028,1,devin74@example.net
25-06-2023,Mark Hernandez,H,01-11-1998,28045,4,belinda60@example.org
12-07-2023,Heather Pierce,M,09-04-1939,28013,0,angelagraves@example.net
29-05-2023,Brenda Baker,H,03-11-1979,28015,2,erodriguez@example.org
22-02-2023,Kiara Powell,M,09-01-1980,28018,4,fsilva@example.org
22-01-2023,Wendy Mcintosh,M,01-10-1924,28023,1,valentinelaura@example.com
23-03-2023,Robert Barnett,H,19-06-1956,28016,1,timothyjones@example.net
28-05-2023,Jennifer Wilson,H,17-05-1927,28052,2,ysweeney@example.org
23-04-2023,Walter Myers,H,10-12-1981,28022,3,kirstencollier@example.com
24-03-2023,James Sandoval,M,05-06-1959,28019,1,william71@example.net
15-02-2023,Tyler Johnson,M,19-02-1932,28022,5,kvelasquez@example.net
26-02-2023,Sharon Baker,H,16-05-1973,28040,5,bucktracy@example.org
11-07-2023,Anna Mccarthy,M,03-05-1928,28041,5,qroach@example.org
17-01-2023,Jesse Moody,M,04-02-1964,28085,5,flowerskevin@example.com
10-07-2023,Rebecca Moon,H,19-05-1947,28050,0,fkeller@example.net
18-01-2023,Stacy Reyes,M,06-05-1991,28007,5,gmitchell@example.net
05-03-2023,Danny Roberts,M,14-06-1970,28080,5,andrew92@example.org
01-07-2023,Rebecca Coleman,H,13-08-1992,28050,2,ibrown@example.net
06-03-2023,Kevin Vargas,H,06-04-1996,28024,1,ldean@example.net
12-04-2023,Christopher Frye,H,14-11-1935,28035,4,piercejohn@example.com
19-03-2023,Kenneth Thompson,M,29-05-1988,28044,5,porterjennifer@example.com
24-03-2023,Sean Burke,M,28-07-1927,28007,5,jacob12@example.org
06-07-2023,Cynthia Bell,M,12-05-1993,28045,1,kristengarza@example.net
16-01-2023,Kevin Roy,M,13-08-1966,28047,0,vanessacarter@example.net
03-03-2023,Benjamin Tran,H,28-09-1929,28025,3,lauraford@example.org
20-03-2023,Christine Coleman,M,28-10-1936,28085,1,cynthia44@example.com
16-04-2023,Joshua Anderson,M,17-09-1931,28037,0,heatherbrown@example.com
28-01-2023,Sara Smith,H,20-06-1990,28019,2,rodriguezandrew@example.com
07-06-2023,Mary Williams,H,25-05-1964,28046,2,michael41@example.org
20-05-2023,Dawn Johnson,M,04-05-1938,28029,5,kathleendavis@example.com
12-04-2023,Michelle Andrews,H,08-09-1981,28038,2,longdennis@example.org
08-06-2023,Laura Reyes,M,10-02-2001,28014,5,peggy07@example.org
28-01-2023,Taylor Sloan,H,21-01-1966,28048,3,rebecca20@example.org
26-03-2023,Lisa Edwards,H,18-04-1972,28083,3,mccormicklisa@example.net
21-06-2023,Jamie Andrews,H,10-09-1948,28011,4,lharris@example.com
17-02-2023,William Christian,M,12-01-1975,28015,4,brownbrenda@example.org
05-01-2023,Garrett Schmitt,M,02-03-1923,28016,2,nicolerodriguez@example.net
26-04-2023,Rebecca Moore,H,15-05-1981,28013,5,meganhoward@example.org
12-06-2023,Kim Ross,M,20-07-1970,28008,4,wagnertimothy@example.net
14-06-2023,Cynthia Jacobs,M,31-07-1936,28028,5,terrellsamantha@example.org
02-02-2023,Jonathan Wilson,M,23-06-1972,28009,4,nelsoncindy@example.com
08-07-2023,Richard Adams,M,28-08-1974,28016,0,nicholeallison@example.org
28-02-2023,Sarah Perry,M,03-02-1973,28021,4,sgomez@example.com
17-05-2023,Amanda Garcia,H,30-11-1992,28047,4,brandonrichardson@example.net
18-01-2023,Kelly Garcia,H,07-10-1933,28032,5,wdunlap@example.com
06-04-2023,Dr. Johnny Melendez,M,26-01-1947,28042,4,nhoffman@example.net
15-05-2023,Lisa Mueller,H,22-04-1977,28054,3,laurajones@example.com
18-01-2023,Jessica Reyes,M,18-07-1977,28021,1,paulallen@example.org
07-02-2023,Jessica Johnson,H,02-04-1975,28044,1,uwatson@example.net
30-05-2023,James Brown,M,18-02-1989,28025,2,jenniferwilliams@example.net
03-01-2023,John Blackwell,M,12-04-1943,28032,0,felicia61@example.com
19-07-2023,Francisco Knight,M,07-10-1935,28012,4,adiaz@example.net
07-04-2023,Jacqueline Phillips,H,15-05-1936,28039,3,franciscogoodman@example.net
15-02-2023,Justin Santana,M,25-03-1993,28033,5,wblackwell@example.com
31-01-2023,Tina Dudley,M,22-03-1991,28032,0,gwalker@example.net
22-02-2023,Elizabeth Rhodes,H,03-01-1953,28015,1,igarcia@example.net
06-06-2023,Benjamin Mccarthy,H,10-04-1968,28053,3,matthew80@example.net
09-04-2023,Linda Smith,H,14-02-1940,28054,0,jessicacollins@example.com
04-03-2023,Erin Butler,H,13-09-1982,28009,3,barbara52@example.net
25-01-2023,Gail Parks,H,28-04-1973,28012,0,gillespiewarren@example.org
02-01-2023,Mrs. Mary Bishop,M,19-12-1957,28016,2,iancox@example.com
21-05-2023,Crystal Williams MD,H,20-03-1965,28039,5,andrewstimothy@example.org
25-01-2023,Kathleen Stevens,M,30-09-1976,28049,2,elijah17@example.com
08-06-2023,Yvonne Holland,M,26-09-1997,28019,0,rthompson@example.org
20-06-2023,Lisa Cohen,H,22-08-2003,28012,3,jamesvalenzuela@example.net
19-04-2023,Joel Miller,H,27-09-1951,28051,3,alogan@example.com
04-06-2023,Jason Hood,H,15-12-1976,28007,2,nicholasnguyen@example.org
17-04-2023,Paul Oliver,H,23-08-1933,28045,0,manuelking@example.com
07-04-2023,Robert Brooks,M,03-03-1965,28046,4,larryhunt@example.net
24-04-2023,Gabrielle Nguyen,H,19-11-1948,28038,0,chaserobinson@example.com
10-02-2023,Amanda Bruce,M,21-10-1968,28030,4,larryharper@example.com
25-02-2023,Sylvia Sampson,M,05-05-1949,28071,1,stevensgrace@example.net
04-02-2023,Anna Martinez,M,31-08-1997,28044,1,melissabass@example.net
02-07-2023,Rebecca Burns,M,24-03-1976,28001,4,cartersavannah@example.net
29-05-2023,Sarah Barry,H,27-01-1952,28044,3,michael36@example.net
23-07-2023,Oscar Cortez,H,17-03-1973,28044,2,bwilson@example.org
20-06-2023,Matthew Sanders,H,08-09-1957,28070,1,alexamason@example.org
05-06-2023,Brittany Torres,M,19-03-1984,28054,3,rjones@example.com
20-04-2023,Caitlin Solomon,H,17-01-1991,28055,2,hthomas@example.org
19-03-2023,Karen Adams,M,29-06-1986,28010,5,ronaldtorres@example.net
10-06-2023,Katrina Moore,H,04-11-2001,28038,3,howardkelly@example.net
01-02-2023,Michael Nguyen,H,16-05-1945,28037,4,alexandersullivan@example.com
06-02-2023,Lisa Miller,H,27-03-1945,28016,5,mreyes@example.org
12-02-2023,Kim Morrow,H,01-09-1925,28042,1,hillyolanda@example.net
17-02-2023,Casey Olson,H,07-10-2000,28024,2,johnmclaughlin@example.org
24-05-2023,Jose Brennan,H,27-01-1935,28014,5,davidbutler@example.net
16-01-2023,Christine Carter,M,22-05-1962,28048,0,michelejacobs@example.com
14-02-2023,Jared Willis,H,23-04-1969,28040,0,pshelton@example.com
15-06-2023,Michelle Carrillo,H,04-04-1992,28039,3,uwalsh@example.com
12-04-2023,Jonathan Anderson,M,26-12-1986,28015,2,kayla94@example.org
16-02-2023,Joseph Gates,H,24-09-1989,28083,1,robertmcmillan@example.net
16-03-2023,Charles Phillips,M,25-07-1985,28032,3,matthewthomas@example.org
06-03-2023,James Flores,M,29-10-1983,28051,3,zwilliams@example.com
01-04-2023,Kim Joseph,H,05-06-1936,28070,3,jriggs@example.org
13-05-2023,Scott Fisher,M,14-06-1996,28035,2,josephtaylor@example.org
06-06-2023,Stephanie Davis,M,01-05-1966,28029,3,maxwelldavid@example.com
04-06-2023,Julia Kelly,H,29-07-1953,28055,0,ubishop@example.com
26-01-2023,Patricia Woodward,M,01-05-1982,28016,2,kathleenchung@example.com
18-01-2023,Jeffrey Harvey,H,14-07-1990,28028,4,laurenmiller@example.org
17-01-2023,Mrs. Andrea Lawrence,M,20-02-1970,28046,2,serranomichael@example.org
19-02-2023,Mario Ramos,H,30-03-1958,28031,1,donald38@example.com
22-04-2023,Sara Benjamin,H,12-07-1966,28049,5,millsdaniel@example.org
04-02-2023,Nancy Williams,M,11-07-1959,28007,5,phillipsbenjamin@example.com
28-05-2023,Cheryl Bruce,H,17-09-1995,28010,0,christie80@example.org
20-02-2023,Belinda Santos,M,12-09-1976,28023,3,paul75@example.net
19-01-2023,Mark Vargas,H,19-01-1961,28010,5,allenemily@example.com
17-07-2023,Edward Morris,M,21-10-1989,28042,1,eric69@example.net
21-02-2023,Lisa Lawrence,H,28-12-1923,28049,3,millssherry@example.com
15-05-2023,Elizabeth Howell,H,22-07-1961,28085,3,sabrina57@example.com
22-01-2023,Wendy Smith,H,29-11-2003,28004,5,briansimmons@example.com
11-03-2023,Tracy Johnson,M,17-06-1963,28040,4,cobbmargaret@example.net
22-01-2023,Kimberly Hoffman,H,20-11-1927,28002,2,ohernandez@example.com
17-07-2023,Peter Mathis,H,02-03-1975,28035,3,juarezrobert@example.net
09-06-2023,Lynn Young,M,13-02-1951,28011,1,amyatkins@example.net
18-07-2023,Robert Rodriguez,H,16-08-1928,28034,2,williamspamela@example.org
03-02-2023,Kelly Welch,M,13-06-2003,28071,5,diaznathan@example.net
01-05-2023,Kathleen Jones,H,20-10-1938,28006,0,hopkinsrachel@example.com
23-07-2023,Theresa Roberts,M,16-09-1948,28029,4,bradlarson@example.net
24-06-2023,Amber Edwards,H,13-09-1983,28005,0,novakdustin@example.com
11-02-2023,David Keller,M,07-10-1963,28046,3,waynestone@example.com
09-03-2023,Charlene Stout,M,30-07-1979,28036,3,dlutz@example.com
02-04-2023,Ms. Patricia Harris,M,08-02-1938,28017,1,nuneznicole@example.net
08-03-2023,Miss Joy Mora,M,21-02-1993,28015,5,matthewsellers@example.com
08-07-2023,Linda Torres,M,23-09-1981,28048,3,wbryan@example.net
21-06-2023,Amber Fletcher,M,25-02-1944,28034,0,ricardogilbert@example.com
05-04-2023,Seth Gonzalez,M,06-12-1983,28005,4,meyersjustin@example.net
29-01-2023,Richard Lee,M,18-03-1974,28014,1,frederickbrittney@example.com
13-02-2023,Jamie Reed,M,21-12-1970,28045,1,andradekimberly@example.net
23-05-2023,Kelsey Patton,H,21-12-1990,28023,1,tstephens@example.org
29-05-2023,Crystal Zimmerman,H,31-03-1991,28002,1,george84@example.com
04-03-2023,William Johnson,M,08-03-1944,28049,0,ricky66@example.net
13-04-2023,James Rangel,M,07-07-2000,28002,1,timothy54@example.net
27-03-2023,Sandra White,H,15-02-1946,28008,3,allenroberto@example.net
02-06-2023,Jennifer Castillo,H,24-02-1947,28002,2,moodytiffany@example.net
02-03-2023,Caleb Gutierrez,H,18-07-1941,28083,5,travisdillon@example.net
19-01-2023,Victor Guzman,M,05-03-1967,28053,2,ellisemily@example.org
18-04-2023,James Davis,M,19-11-1981,28051,4,whitewilliam@example.org
13-04-2023,Raymond Johnston,H,08-03-1944,28021,4,greid@example.org
24-06-2023,Rachel Anderson,H,21-09-1982,28024,0,scottdixon@example.org
18-04-2023,Jose Reilly,H,06-11-1956,28049,4,pmejia@example.net
26-01-2023,Katie Bennett,H,14-06-1937,28086,3,matthewfranklin@example.org
07-01-2023,Kimberly Gibson,H,17-07-1939,28019,3,whitegregory@example.com
26-07-2023,Gwendolyn Smith,H,04-01-1954,28046,2,cpowell@example.com
01-06-2023,Daniel Keller,M,08-08-1966,28047,5,robertheath@example.org
13-06-2023,Kristy Faulkner,H,27-01-1951,28021,4,christyroberts@example.org
26-05-2023,Billy Mueller,M,27-10-1956,28070,0,josephtaylor@example.net
21-05-2023,Nancy Cummings,H,03-05-1949,28017,1,sarah70@example.net
29-06-2023,David Brown,H,11-07-1959,28086,1,mchan@example.org
26-05-2023,Michael Sellers,M,12-04-1943,28049,0,gutierrezjo@example.net
27-04-2023,Kevin Li,M,12-08-1943,28086,5,chapmanmatthew@example.net
26-07-2023,Rose Donovan,M,30-12-2004,28010,4,meyersbrittney@example.org
12-02-2023,Deborah Brooks,M,30-06-1966,28082,1,fmccoy@example.com
19-01-2023,Brandon Scott,H,04-07-1928,28018,5,jessicahawkins@example.org
19-04-2023,Colleen Zamora,H,02-02-1954,28045,5,hwashington@example.com
28-03-2023,Christopher Cooper,H,08-02-1984,28029,0,solson@example.net
06-03-2023,Lawrence Tran,M,05-10-2002,28041,0,debbie83@example.com
17-02-2023,Jonathan Davis,H,26-09-1944,28027,2,randall02@example.net
28-01-2023,Julie Colon,H,15-10-1933,28043,4,delliott@example.net
17-02-2023,Frederick Hodge,H,11-10-1933,28012,4,gravespaul@example.org
10-03-2023,Ashley Landry,H,01-10-1946,28051,1,tasha60@example.com
24-05-2023,Destiny Clark,H,02-07-1947,28007,3,lhernandez@example.net
26-06-2023,Jeffrey Hicks,H,14-01-1957,28031,5,isimmons@example.com
04-06-2023,Zachary Daniel,M,28-08-1948,28041,1,blopez@example.com
12-07-2023,Victoria Turner,M,11-10-1936,28020,5,bellmargaret@example.com
30-03-2023,Craig Bennett,M,11-01-1944,28008,2,grantdarren@example.org
18-04-2023,Katelyn Whitney,H,09-07-1987,28017,3,bdavis@example.net
02-02-2023,Brittany Rodriguez,M,30-09-1941,28008,3,frank17@example.net
11-02-2023,Donald Myers,M,31-01-1988,28021,4,wbright@example.net
15-02-2023,Kelly Love,M,20-11-1930,28030,4,evansjason@example.org
05-02-2023,Robert Cortez,H,22-09-1973,28013,0,perryryan@example.org
12-03-2023,Robert Diaz,H,19-01-1954,28028,0,geraldclark@example.org
07-01-2023,Annette Robinson,M,09-08-1983,28012,3,catherine59@example.com
04-03-2023,Caroline White,M,01-03-1978,28037,1,dylan68@example.com
30-03-2023,Jason Atkins,M,27-12-1965,28052,5,vgoodwin@example.org
17-05-2023,Joseph Salas,H,18-04-1984,28036,1,austinjones@example.com
23-01-2023,Melinda Cummings,M,18-04-1984,28041,2,scottmegan@example.org
14-03-2023,Michael Vega,M,28-06-1992,28053,3,toddnicole@example.org
18-07-2023,Jennifer Howard,H,02-08-1941,28026,5,williamsonjoseph@example.com
17-01-2023,Scott Patton,M,07-10-1973,28055,0,enicholson@example.com
17-03-2023,Ashley Freeman,M,15-01-1995,28042,5,smithdavid@example.com
15-07-2023,Cheyenne Moreno,H,02-12-2003,28001,1,thomas26@example.org
16-05-2023,Patricia Copeland,H,15-11-1981,28017,5,gserrano@example.com
20-04-2023,Lindsey Ruiz,M,15-04-1967,28010,1,tonyrogers@example.com
27-01-2023,Rodney Walker,H,22-10-1947,28053,0,cristinacortez@example.org
26-07-2023,Kimberly Kelly,M,11-11-1938,28042,3,melissachen@example.com
17-06-2023,Timothy Griffith,M,14-12-2000,28086,0,brenda15@example.com
27-03-2023,Debra Villa,H,18-01-1925,28027,2,adam17@example.com
26-05-2023,Matthew Richardson,M,01-03-1949,28070,5,romerojennifer@example.com
03-03-2023,Allison Kennedy,H,13-11-1922,28003,4,elizabeth29@example.org
07-03-2023,Katie Lowe,M,06-07-1927,28034,5,danielhowell@example.com
23-01-2023,Aaron Miller,H,23-03-1926,28024,1,jnielsen@example.com
17-05-2023,Jennifer Meza,H,22-07-1944,28015,1,jonathanjenkins@example.org
08-02-2023,Anthony Diaz,H,29-09-1951,28085,2,meltonjamie@example.net
06-02-2023,Jennifer Carroll,H,02-06-1948,28041,1,vclements@example.com
03-04-2023,Jessica Hicks,H,10-03-1964,28028,0,josephrichardson@example.org
30-05-2023,Mr. Roy Mendoza,M,11-04-1994,28001,0,james32@example.net
08-03-2023,Victoria Alvarado,M,08-11-1981,28045,3,brenda66@example.com
16-02-2023,Derek Spears,H,02-02-1984,28017,2,conleymichael@example.org
12-03-2023,Debbie Martin,M,22-10-1929,28050,4,kathleen17@example.org
25-03-2023,James Miller,H,25-11-1983,28071,1,ewalsh@example.com
03-03-2023,Timothy Johnson,M,23-09-1992,28008,5,kramirez@example.net
17-01-2023,Todd Merritt,H,06-12-1994,28006,3,swells@example.com
23-05-2023,Susan Ward,M,25-12-1953,28049,3,opratt@example.org
31-03-2023,Denise Griffith,M,21-11-1943,28040,3,tara89@example.org
07-01-2023,Jeffrey Rubio,H,26-04-1964,28011,0,hnovak@example.com
17-04-2023,Veronica Clark,M,20-03-1986,28002,1,ambergreen@example.net
19-04-2023,Jeffrey Alexander,M,22-09-1972,28043,0,zwebb@example.net
27-02-2023,Katrina Adams,H,16-08-1929,28029,5,mcleanamy@example.net
28-02-2023,Anthony Jones,M,12-07-1965,28047,2,fmassey@example.com
28-03-2023,Dr. Ariel Vasquez,M,05-03-1993,28013,2,jonesshannon@example.com
12-01-2023,Cynthia Gonzales,M,21-12-1976,28042,5,murraymichael@example.com
09-07-2023,Sean Brown,M,08-03-1938,28054,3,harrisonlinda@example.com
11-03-2023,Nicholas Bryant,M,10-10-2001,28017,0,kimberlyhansen@example.net
16-03-2023,Robert Brown,M,19-11-1960,28036,2,howelljulia@example.net
28-06-2023,Todd Duncan,M,23-02-1936,28029,3,johnfields@example.org
04-07-2023,Felicia Harper,H,04-10-2004,28031,2,hudsonkristine@example.net
21-05-2023,Todd Pope,M,30-05-1995,28027,3,fergusonlaura@example.org
29-01-2023,Phyllis Barnett,M,26-11-1928,28028,5,tnash@example.net
19-02-2023,Anthony Palmer,H,16-08-1978,28006,4,miguel17@example.net
26-02-2023,Doris Johnson,M,12-07-1949,28019,5,gayabigail@example.org
26-02-2023,Tyrone Joseph,H,18-09-1966,28030,0,robertbarnett@example.com
09-02-2023,Kayla Wright,M,17-09-1951,28012,2,jonathan84@example.net
20-06-2023,Dylan Brown,M,19-06-1957,28054,4,ihernandez@example.net
17-04-2023,Katie Gregory,M,26-02-1986,28009,3,williammiller@example.org
03-06-2023,Anthony Anderson,H,14-12-2001,28050,4,mgilmore@example.org
04-01-2023,Stephanie Logan,H,25-03-1987,28009,1,krichardson@example.net
23-03-2023,Carla Mcgee,M,02-01-1991,28043,0,amybass@example.org
14-03-2023,Mary Anderson,H,26-11-1987,28082,5,jonathanbrown@example.org
11-07-2023,Megan Clark,H,11-05-1955,28008,1,melissawelch@example.net
23-03-2023,Julie Davis,M,13-02-1996,28002,0,jeffreyhudson@example.com
14-06-2023,Gerald Aguilar,M,09-02-1953,28032,5,kimberlydawson@example.org
10-07-2023,Jacqueline Smith,M,01-09-1999,28035,3,randy75@example.net
19-06-2023,Michelle Lindsey,M,24-02-1990,28011,1,scott59@example.net
26-04-2023,Sarah Wells,H,14-08-1935,28011,4,raymond20@example.net
19-06-2023,Larry Smith,M,17-04-1962,28027,1,unguyen@example.net
18-02-2023,Philip Jones,M,18-04-1974,28033,1,kyle58@example.org
08-04-2023,Diana Hardy,M,09-10-1941,28052,0,ajohnson@example.com
05-04-2023,Sharon Webb,H,22-02-1941,28086,2,thomas64@example.com
15-07-2023,Kathleen Knapp,H,18-11-1973,28021,2,kylesims@example.com
30-01-2023,William Rosales,M,30-09-1964,28070,5,jchung@example.net
01-04-2023,Erin Jones,M,21-09-1938,28053,0,tony57@example.net
03-05-2023,Michael Jones,M,11-03-1958,28080,0,smithann@example.org
14-05-2023,Laura Carlson,M,16-03-1981,28002,4,christineturner@example.org
17-02-2023,Yolanda Smith,H,05-11-2002,28054,3,belljoseph@example.net
20-03-2023,Ryan Clark,M,16-06-1964,28025,5,meganhouse@example.org
04-06-2023,Brian Martinez,H,16-11-1982,28082,4,sfox@example.com
28-03-2023,Trevor Morales,H,14-07-1962,28007,1,williamsonsteven@example.net
18-04-2023,Paula Morales,M,01-02-1969,28047,4,morgan98@example.net
26-03-2023,Emily Trevino,M,08-02-1944,28018,4,evanscaitlin@example.com
07-01-2023,Charles Snow,M,20-06-1961,28087,5,brownsamantha@example.org
05-05-2023,Mr. Christopher Campbell,H,26-11-1953,28039,2,colin52@example.com
29-04-2023,Benjamin Barker,M,18-05-1959,28032,1,tparker@example.org
04-06-2023,Jennifer Parrish,M,20-07-2001,28043,5,hawkinsjon@example.org
22-04-2023,Mary Macias,H,14-11-1987,28003,5,vaustin@example.org
23-03-2023,Ruben Hunt,M,11-08-1932,28004,5,kim79@example.com
21-07-2023,Angel Allison,M,31-12-1981,28019,2,dfernandez@example.com
02-02-2023,Ronald Arnold,M,26-08-1980,28053,4,danielstacy@example.net
27-06-2023,Patricia Gonzales,H,25-11-1956,28007,0,romerodavid@example.net
18-03-2023,Jennifer Wong,H,12-04-1979,28010,1,jblack@example.org
01-02-2023,Larry Andrade,H,15-09-1971,28037,5,tferrell@example.com
12-06-2023,Christopher Lindsey II,H,10-07-1941,28032,2,santiagojoshua@example.net
13-02-2023,Luis Cooper,M,22-03-1978,28032,2,robert81@example.com
25-06-2023,Ashley Johnson,M,01-03-1961,28029,1,huffmanbarbara@example.net
14-02-2023,Stacy Trevino,H,15-07-1963,28039,1,zdavis@example.net
11-02-2023,Ashley Johnson,H,28-05-2005,28085,1,tmoore@example.com
01-04-2023,Alice Hopkins MD,M,21-06-1987,28071,3,aarnold@example.org
05-07-2023,Aaron Campbell,H,27-11-1962,28021,0,hford@example.com
18-01-2023,Mary Andrews,M,13-09-1932,28026,1,hwallace@example.org
30-05-2023,Jeffrey Reid,M,13-09-1942,28022,0,richardpennington@example.com
26-03-2023,Mr. Shane Duran,H,26-07-1992,28005,3,richard29@example.net
07-07-2023,Dustin Flynn,M,04-02-1971,28005,1,martinezalexander@example.org
23-07-2023,Raymond Cole,M,09-06-1966,28071,5,ucooley@example.net
17-02-2023,Ricky Davis,H,03-06-1980,28082,3,tannerandrea@example.com
28-06-2023,Andrew Romero,H,14-08-1925,28054,5,jennachung@example.com
02-04-2023,Karen Ortiz,H,22-06-1940,28043,2,xmartin@example.net
17-01-2023,Troy White,H,23-09-1982,28050,4,rallen@example.com
26-06-2023,Laura Anderson,M,02-09-1933,28070,1,swilliams@example.org
24-05-2023,Kayla Day,M,03-06-1923,28048,0,ksimpson@example.com
09-04-2023,Jamie Nelson,M,05-07-1926,28041,2,rhonda97@example.com
02-06-2023,John Golden,M,29-08-1947,28023,5,waynepittman@example.org
23-02-2023,David Joseph,M,11-03-1958,28051,3,austinstephenson@example.net
03-02-2023,Richard Morris,H,11-08-1973,28047,4,jose65@example.org
02-03-2023,William Pruitt,H,02-05-1929,28022,5,howardlarry@example.org
25-01-2023,Joyce Ross,H,17-03-1970,28071,3,montgomeryjeffrey@example.com
31-03-2023,Stacy Brooks DVM,M,29-09-1947,28085,2,jacquelinehicks@example.org
23-05-2023,Raymond Jefferson,H,26-03-1942,28047,5,russelllisa@example.org
04-04-2023,Brian Cox,M,29-04-1929,28035,2,mark43@example.org
04-02-2023,Brittney Li,M,17-05-1926,28033,5,morsejessica@example.org
30-04-2023,Richard Harris,M,24-04-1958,28036,3,marcus38@example.org
24-06-2023,Elizabeth Mckay,M,08-01-1931,28026,4,jessica29@example.net
21-03-2023,Tonya Green,H,12-04-1955,28045,2,michael80@example.net
10-05-2023,Sonia Jenkins,H,17-02-1959,28015,4,carrashley@example.org
04-02-2023,Taylor Barron,H,10-05-1989,28006,5,ffrederick@example.com
01-04-2023,Vanessa Olsen,M,06-10-1976,28054,1,jose33@example.com
24-05-2023,Eric Butler,M,03-07-1958,28029,1,dcruz@example.org
12-05-2023,William Hogan,H,23-10-1947,28050,3,woodkimberly@example.net
07-06-2023,Dwayne Meyer,H,05-08-1946,28009,2,bromero@example.org
08-03-2023,Ashley Hernandez,M,09-08-1922,28050,0,gmartin@example.com
07-02-2023,Carol Hernandez,M,25-05-1954,28053,4,kwise@example.com
10-02-2023,Christine Hunt,M,08-04-1957,28048,3,charlene25@example.org
01-02-2023,Christopher Palmer,M,17-01-1993,28004,5,marc67@example.net
07-03-2023,Jessica Hayes,H,23-11-1932,28038,2,vhenry@example.com
31-01-2023,Robin Johnson,M,30-01-1986,28028,5,william78@example.org
20-04-2023,Christopher Moss,H,10-03-1992,28031,3,bridgesdavid@example.org
25-05-2023,Heidi Gibson,M,28-03-1988,28080,4,schmidtmatthew@example.org
09-03-2023,Richard Martin,H,12-08-1995,28050,2,barnesgina@example.net
20-07-2023,Kevin Herring,H,06-03-1924,28006,4,zrandolph@example.org
21-01-2023,Joshua Baldwin,H,17-09-1932,28044,1,singletontimothy@example.com
14-01-2023,Laura Robertson,H,07-11-1995,28054,2,dylanmoreno@example.net
19-06-2023,Katherine Gillespie,M,03-07-1965,28086,4,rmercado@example.com
28-03-2023,Mary Riggs,M,29-12-1964,28010,3,wporter@example.org
26-03-2023,Nancy Castillo,H,02-07-1961,28030,5,jill08@example.org
01-06-2023,Christopher Cruz,H,10-07-1947,28080,4,ksanchez@example.org
29-06-2023,Danielle Patel,M,25-12-1968,28013,1,nelsoncarlos@example.org
01-06-2023,Jennifer Terry,H,07-08-1959,28044,0,jennifer76@example.com
27-06-2023,Carmen Sawyer,M,28-05-2000,28045,1,johndorsey@example.org
07-01-2023,James Arnold,M,18-06-1977,28026,4,darius94@example.org
04-05-2023,Robert Hernandez,H,23-06-1930,28040,4,jonesvanessa@example.net
23-04-2023,Cole Burton,H,06-10-2003,28071,2,barbara46@example.net
02-03-2023,Kimberly Lawson,H,17-04-1946,28038,3,bellgordon@example.com
02-02-2023,Steven Russell,M,05-11-1973,28004,3,larry75@example.org
03-05-2023,Christopher Santiago,M,04-04-1964,28011,3,jacksonphillip@example.org
10-02-2023,Jennifer Davis,H,07-07-1923,28011,4,bhensley@example.net
25-05-2023,Lori Lewis,M,29-12-1922,28008,4,wellsdiana@example.com
25-05-2023,James Villanueva DDS,M,22-05-1994,28053,0,cjames@example.com
30-05-2023,Kristine White,H,26-01-1927,28039,4,ccrawford@example.org
13-04-2023,Christopher Campbell,H,10-11-1969,28020,4,vbradshaw@example.com
07-01-2023,Anthony Humphrey,M,07-01-1957,28070,0,mfrye@example.net
18-07-2023,Wayne Campbell,H,26-08-1956,28022,2,larrymurphy@example.org
11-04-2023,Donna Brown,H,19-01-1939,28030,2,dortega@example.com
14-03-2023,Nicole Freeman,H,08-10-1935,28017,2,kwhite@example.net
04-02-2023,Amanda Wilson,M,17-10-1971,28034,4,laura20@example.net
08-02-2023,Stephanie Jones,M,28-06-1924,28025,3,stevenlarsen@example.com
18-03-2023,Thomas Lowe,H,06-03-1992,28011,2,vhill@example.net
29-01-2023,Rose Mccullough,H,05-08-1994,28002,4,amberdavis@example.org
12-07-2023,Tony Hall,H,07-10-1978,28021,0,moorekerry@example.org
11-02-2023,John Jacobson,H,22-04-1940,28014,5,cdavid@example.com
15-06-2023,Matthew Johnson,H,12-11-1933,28013,5,arnoldrandy@example.org
03-07-2023,Matthew Reese,H,16-02-1999,28046,5,james90@example.org
02-04-2023,Gary Thompson,M,30-03-1968,28054,0,christopher88@example.net
20-04-2023,Sarah Jenkins,H,10-12-1926,28041,0,michael23@example.com
17-03-2023,Dawn Patterson,M,24-06-1938,28013,4,grahambrianna@example.org
02-05-2023,John Smith,H,09-01-1928,28037,3,paul05@example.com
29-03-2023,Joseph Wong,M,29-04-2003,28015,4,zclay@example.org
14-07-2023,Tracy Roberts,M,04-06-2004,28007,3,nancysmith@example.org
30-06-2023,Karen Mercado,M,22-03-1926,28030,0,dianepatterson@example.org
09-01-2023,Dr. Sharon Thompson,H,27-08-1936,28045,2,melindalopez@example.com
27-05-2023,Anthony Morgan,H,31-05-1998,28040,3,sharonsparks@example.org
16-03-2023,Lisa Park,H,25-09-1940,28034,2,paul83@example.net
05-07-2023,Jodi Holmes,H,13-05-1994,28020,2,srodriguez@example.net
17-04-2023,Charles Roberts,H,07-12-1934,28027,2,mirandapena@example.net
30-05-2023,Daniel Smith,H,11-03-1927,28070,4,kathrynrice@example.org
12-04-2023,Angelica Newton,H,14-05-1985,28044,3,sandy27@example.net
16-02-2023,Melissa Garcia,H,04-04-1989,28039,0,kennethwebster@example.com
21-04-2023,Kenneth Hernandez,H,06-03-1995,28052,1,carterheather@example.org
12-04-2023,Lawrence Daniels,M,12-03-1992,28030,2,debra92@example.net
31-01-2023,Alicia Mcdonald,H,23-01-1976,28085,1,ngillespie@example.org
23-02-2023,Julie Palmer,M,11-02-1925,28070,5,johnmills@example.com
26-03-2023,Sarah Torres,H,11-01-1927,28037,5,kristin69@example.com
27-02-2023,Pamela Fletcher,M,25-06-1940,28009,4,froach@example.com
19-01-2023,Lisa Long,M,04-11-1999,28001,4,clayton50@example.org
06-02-2023,Andrea Willis,H,07-08-1992,28045,4,kimberly19@example.org
27-02-2023,Karen Thompson,H,03-01-1983,28071,3,courtneytran@example.net
24-06-2023,Donna Contreras,H,28-09-1996,28025,1,gmathews@example.org
25-04-2023,Heather Ball,M,02-04-1947,28037,4,jamie69@example.com
22-02-2023,Deanna Lee,M,09-07-1944,28041,5,patriciagonzalez@example.com
08-02-2023,Jacob Gregory,H,17-11-1962,28026,4,dcox@example.com
17-03-2023,Carlos Wise,H,11-10-1961,28087,5,andersonadam@example.org
13-01-2023,Cynthia Wilson,M,09-03-1940,28012,5,bbond@example.org
31-01-2023,Jose Nelson,H,03-07-1925,28047,4,scott53@example.org
01-06-2023,Robert Mueller,M,19-03-1946,28014,3,kelly38@example.com
18-05-2023,Roger Wilson,H,22-12-1993,28012,4,lsolis@example.net
15-07-2023,Angelica Wilson,M,21-10-1968,28005,1,jennifer28@example.org
10-04-2023,Sheila Freeman,M,19-07-2000,28022,2,luke42@example.com
15-06-2023,Gary Rodriguez,H,05-02-1983,28023,5,caldwelllauren@example.com
11-06-2023,Cynthia Fitzgerald,M,28-07-1952,28038,2,meaganbarnes@example.com
29-06-2023,Colleen Andrews,M,05-02-1934,28019,4,watsonzachary@example.net
30-01-2023,Lance Wright,M,21-10-1992,28005,1,millerjacob@example.org
04-04-2023,Tyler Miller,H,20-08-1997,28082,2,nharrell@example.net
17-03-2023,Sean Anderson,H,01-12-1986,28049,2,grossthomas@example.net
29-06-2023,Albert Goodwin,M,11-05-2004,28046,0,qprince@example.org
11-03-2023,Cory Carlson,M,08-06-1939,28013,1,sherriburton@example.com
26-07-2023,Robert Harris,M,17-06-1938,28021,2,lspears@example.org
18-02-2023,Brent Wise,M,28-04-2000,28002,5,mary46@example.net
21-05-2023,Matthew Torres,H,03-07-2004,28026,4,jmoon@example.net
25-05-2023,Brian Mueller,H,01-07-1964,28014,5,juliebaker@example.com
01-06-2023,Randy Trevino,H,10-09-1970,28040,2,amoore@example.org
31-03-2023,Jessica Washington,M,13-05-1945,28038,5,lukewhite@example.org
29-04-2023,Mark Marsh,M,11-11-1957,28082,0,donsimmons@example.org
05-05-2023,Erin Kim,H,05-08-1956,28036,4,dennissolomon@example.com
08-02-2023,Christopher Smith,M,29-04-1948,28005,1,jerrywoodward@example.net
29-03-2023,Juan Reynolds,H,23-05-1979,28019,5,pateljohn@example.org
08-07-2023,Debbie Garcia,H,27-05-1963,28009,0,william17@example.net
05-02-2023,Cody Wright,M,01-06-1987,28049,4,robertssharon@example.org
11-02-2023,Eric Williams DDS,H,22-05-1958,28046,4,joel81@example.com
03-05-2023,Jason Davis,M,22-12-1947,28087,3,veronica64@example.com
02-05-2023,Nicole Carlson,M,30-12-1974,28070,3,cameronkimberly@example.net
26-02-2023,Kristen Scott,M,30-01-1993,28085,2,robertcampbell@example.org
04-06-2023,Michele Monroe,M,02-02-1975,28036,3,ssmith@example.org
09-02-2023,Bailey Gray,M,13-05-1958,28025,4,wwright@example.org
23-05-2023,Craig Smith,M,30-05-1982,28002,3,mcclurejohnny@example.com
30-06-2023,Joel Johnson,M,24-01-1992,28050,0,jennifer04@example.org
05-07-2023,Chad Stephenson,H,12-08-1937,28016,3,michael17@example.org
25-04-2023,Jessica Gray,H,17-07-1954,28013,2,frobinson@example.org
07-06-2023,Leah Arellano,M,02-03-1961,28051,2,psteele@example.com
28-02-2023,Cynthia Bailey,M,28-02-1945,28010,5,denisewilliams@example.net
16-01-2023,Patrick Moyer,M,27-12-1927,28035,3,joshua98@example.net
03-01-2023,Ashley Moreno,M,14-07-1944,28030,5,hmiller@example.com
20-03-2023,Amber Perez,H,29-06-1990,28008,1,jacksonwilliam@example.org
03-03-2023,Gregory Ball MD,M,12-10-1929,28034,0,crystal61@example.net
28-01-2023,Timothy Schmidt,H,15-12-1928,28030,5,sheacindy@example.net
11-07-2023,Andre Vaughn,H,30-04-1982,28080,4,madisonalvarez@example.org
26-01-2023,Katherine Lowe,M,02-03-1929,28070,4,barbaralevy@example.net
08-06-2023,Kathleen Reed,H,19-08-1942,28048,4,andreszuniga@example.org
21-02-2023,Michael Hensley,H,09-06-1956,28018,0,lukesantos@example.org
15-06-2023,Cindy Buck,H,03-05-1989,28030,0,wagnerrobert@example.org
29-05-2023,Jacob Jackson,H,26-08-1958,28015,3,qjones@example.com
17-01-2023,Cody Mendoza,M,07-01-1993,28053,2,marcus06@example.org
18-05-2023,Holly Mcdonald,M,11-12-1959,28007,4,richard84@example.com
27-06-2023,Michael Miller,H,12-02-1969,28028,1,terri15@example.net
20-06-2023,Melanie Miller,H,07-01-1966,28050,4,wagnerkathryn@example.com
06-05-2023,Matthew Kennedy,H,28-05-1979,28048,1,roconnell@example.org
04-05-2023,Vanessa Ramos,H,29-05-1961,28070,5,renee66@example.org
21-02-2023,Heather Lane,H,03-04-1962,28047,1,margaretadams@example.org
05-03-2023,Kenneth Navarro,H,21-06-1950,28049,3,zblackwell@example.org
06-06-2023,Kathleen Newton,M,29-03-1970,28001,3,kimberlyalvarez@example.org
07-03-2023,Cathy Andrews DVM,H,14-09-2001,28012,1,pricekevin@example.org
06-02-2023,Chad Wright,M,09-12-1974,28021,1,griffinmichael@example.org
14-05-2023,Mrs. Lauren Smith,H,11-05-1958,28030,5,kim76@example.com
01-05-2023,Donna Guzman,M,04-10-1969,28009,3,pollardnicholas@example.net
20-01-2023,Jorge Miller,M,28-12-1993,28023,3,gcraig@example.net
10-01-2023,Christina Chapman,M,27-11-1926,28024,3,ginamiller@example.com
11-03-2023,Michele Willis,H,16-06-1977,28025,1,marysullivan@example.com
28-04-2023,Matthew Perez,M,31-07-1954,28038,1,benjamin42@example.net
12-02-2023,Lori Thornton,H,05-02-1945,28041,5,heather31@example.net
27-06-2023,Stephen Gillespie,M,20-11-1954,28038,4,adammiles@example.net
14-03-2023,Megan Ramirez,H,11-04-1990,28010,5,stephanie12@example.org
14-02-2023,Cathy Hunter,M,31-07-1967,28041,2,megan32@example.org
13-05-2023,Andrew Davies,H,28-05-1941,28009,5,nrobertson@example.com
26-01-2023,Laura Lloyd,M,29-02-1952,28031,5,jonathan41@example.com
11-05-2023,Marilyn Martinez,M,26-12-1953,28071,1,lwilkinson@example.com
16-07-2023,Mrs. Paige Harrington,M,25-09-1948,28035,3,jmiller@example.com
06-06-2023,Ray Faulkner,H,03-11-1967,28043,3,garzaolivia@example.net
08-06-2023,Brian Goodman,H,26-07-1937,28054,3,richardwillis@example.net
11-04-2023,Kimberly Adams,H,27-07-1953,28070,2,casey30@example.org
17-07-2023,James Buckley,M,06-12-1938,28087,1,wjensen@example.net
12-03-2023,Jennifer Baker,H,17-01-1935,28055,4,katie63@example.org
01-03-2023,Alison Doyle,H,22-09-1938,28046,2,danielsryan@example.org
28-02-2023,Olivia Fischer,H,31-01-1992,28026,2,aaroncollier@example.org
01-07-2023,John Weeks,H,17-05-1948,28023,1,grogers@example.com
11-03-2023,Barbara Long,M,25-08-2004,28082,5,zmoore@example.net
21-06-2023,James Holland,H,13-03-2004,28025,2,longluis@example.org
04-07-2023,Jessica Campos,M,09-04-1987,28085,1,gomezstephanie@example.net
11-07-2023,Arthur Nelson,H,08-09-1932,28085,0,julie16@example.net
25-02-2023,Brittney Noble,H,11-06-2001,28006,1,jamesbrooks@example.net
15-01-2023,Casey Soto MD,H,18-11-1943,28022,2,ubarker@example.org
29-06-2023,Ann Ramirez,M,18-09-1996,28018,5,karenkim@example.com
15-01-2023,Lauren Perkins,H,20-11-1998,28046,3,andreamiller@example.net
25-01-2023,Austin Mccoy,M,05-07-1953,28012,3,jared68@example.net
27-02-2023,Jeremiah Washington,H,24-06-1994,28007,2,ravenharrison@example.net
17-04-2023,Lori Hicks,M,25-09-1977,28023,3,dstewart@example.org
01-03-2023,Javier Jennings,H,02-06-1934,28053,1,theodore77@example.net
05-04-2023,Ryan Martin,H,28-01-1934,28035,2,ncarter@example.net
25-02-2023,Shawn Simmons,M,04-07-2002,28004,4,susangarcia@example.com
31-05-2023,Becky Robinson,M,04-11-1985,28046,1,alvin42@example.com
06-01-2023,Randy Snow,M,05-12-1922,28070,4,deannaburke@example.com
15-07-2023,Mary Thomas,H,08-10-1951,28019,2,aprilcombs@example.net
26-06-2023,Kevin Cameron,H,06-12-1963,28085,1,aaronfleming@example.com
22-07-2023,David Thompson,M,03-02-1955,28037,3,howardjennifer@example.com
01-06-2023,Derek Davis,H,20-08-1964,28003,0,qjohnson@example.net
09-03-2023,Jasmine Jones,M,12-02-1955,28023,5,nathaniel72@example.net
31-01-2023,Cheryl Mayo,H,31-12-1932,28025,5,charles50@example.com
02-02-2023,Charles Watson,H,06-05-1989,28016,5,huntercarmen@example.net
08-01-2023,Brittany Macias,M,11-10-1968,28029,1,amydavis@example.net
26-04-2023,Damon Garcia,H,04-06-1925,28085,3,alyssalong@example.net
22-04-2023,Tyler Morrow,M,10-05-1945,28043,4,nicolelewis@example.org
20-05-2023,Nicole Kelly,H,13-07-1931,28052,2,xmiller@example.net
27-05-2023,Rhonda Barr,M,25-03-1983,28042,2,andrewslawrence@example.org
18-03-2023,Megan Kane,M,13-12-1970,28005,1,uyoung@example.net
21-04-2023,Shawn Morrison,H,31-07-1976,28034,2,loveerica@example.net
16-06-2023,Jennifer Mendoza,M,21-04-1959,28008,2,johnsonrobert@example.com
23-01-2023,Kathy Benitez,M,05-02-1983,28017,3,robertjones@example.org
24-03-2023,Ashley French,M,04-08-1965,28015,3,thompsonkenneth@example.com
13-06-2023,Garrett Brown,M,06-05-1966,28053,0,kathleenhall@example.net
28-01-2023,Ashley Miller,H,02-03-1965,28009,0,adamhawkins@example.com
20-02-2023,Tammy Mcdonald,H,16-05-1948,28014,1,bushshelley@example.com
