fecha_registro,nombre,user_id,sexo,fecha_nacimiento,cp,n_hijos_menores,email
24-04-2023,Lynn Moore,655346,M,27-09-1954,28023,5,thomasgeorge@example.com
02-06-2023,Lisa Valenzuela,279526,H,28-10-1934,28037,2,kbarrera@example.net
20-03-2023,Matthew Marshall,797457,H,17-09-1946,28035,2,joshuawagner@example.com
03-02-2023,Ryan Rogers,803906,H,13-06-1936,28026,2,wweber@example.net
25-01-2023,Destiny Shaffer,314182,H,27-12-1961,28024,0,ericksonsandra@example.com
15-04-2023,Daniel Arellano,977489,M,23-12-2004,28031,3,roymark@example.org
27-04-2023,Samuel Hawkins,211780,H,19-08-1923,28048,4,harrishenry@example.com
17-03-2023,Cynthia Phillips,442881,H,11-10-1924,28017,0,lisajones@example.com
09-01-2023,George Cruz,792561,M,17-01-2000,28014,2,amywhite@example.com
23-07-2023,David Williamson,125619,H,27-03-1974,28001,5,brianbray@example.com
29-01-2023,Lisa Warner,245561,M,19-04-1968,28036,0,patrickmacdonald@example.org
03-03-2023,Chelsea Cline,635154,H,29-05-1986,28036,4,andersonstephanie@example.net
23-07-2023,Joseph Jackson,916264,H,16-04-1957,28026,1,gibbsleah@example.org
04-03-2023,Susan Davenport,636411,M,02-02-1982,28041,0,craigsingh@example.net
19-07-2023,Dr. Courtney Willis,429703,H,09-10-1925,28038,2,upadilla@example.com
02-05-2023,Donna Burnett,418517,H,21-04-1942,28036,0,perezautumn@example.com
10-02-2023,Audrey Park DVM,254518,H,29-06-1971,28053,0,paul77@example.org
13-04-2023,Monica Smith,252679,H,04-01-2001,28028,3,valeriemaldonado@example.com
26-02-2023,Devon Burke,871403,H,15-01-1978,28030,4,zfields@example.com
08-05-2023,Thomas Campbell,556540,H,24-09-1993,28048,0,ashley21@example.org
05-01-2023,Angela Campbell,796750,M,03-11-1964,28009,4,cooperdavid@example.com
17-06-2023,Kimberly Becker,321120,H,14-07-1928,28083,5,vanessanewton@example.org
01-01-2023,Jennifer Waters,345827,H,16-06-2005,28049,3,qwood@example.net
11-03-2023,Lisa Bridges,456697,H,06-09-1990,28020,2,santosalan@example.net
18-04-2023,Nathan Thornton,234940,M,08-10-1958,28038,0,nconner@example.org
12-04-2023,Taylor Bailey,454638,M,20-10-1983,28005,4,jacob87@example.net
22-01-2023,Richard Casey,494321,H,09-09-1927,28046,1,johnsonjessica@example.net
02-06-2023,Shane Rowe,795487,M,08-01-1979,28017,2,williamsnicole@example.net
30-01-2023,David Calhoun,626909,H,16-03-1999,28040,3,carrie78@example.net
18-05-2023,James Norman,299120,H,12-11-1968,28050,4,joseph20@example.org
25-06-2023,Michael Irwin,245636,H,25-05-1953,28087,3,amy19@example.com
15-07-2023,Erin King,400353,H,07-06-1945,28071,0,edwardsaustin@example.com
02-06-2023,Molly Rivera,657199,H,24-03-1984,28018,5,clarkglenn@example.net
28-02-2023,Fred Allison,735537,M,29-05-2001,28009,0,jonathan30@example.net
06-02-2023,Patrick Pitts,653887,M,22-02-1939,28011,3,jennifergarrett@example.com
28-03-2023,Adam Brown,509250,M,03-06-1940,28010,0,melissa43@example.org
20-06-2023,Spencer Craig,273903,M,16-09-1956,28013,2,kristopher31@example.org
03-06-2023,Mary Taylor,954624,M,28-08-1968,28025,5,wmiles@example.org
12-07-2023,Rachel Gonzalez,867344,H,27-07-1958,28025,1,jenniferpugh@example.org
12-03-2023,Cindy Taylor,793227,M,09-05-2002,28029,5,kbenson@example.net
09-06-2023,Ashley Cruz,708973,M,25-02-1992,28082,1,jayschmidt@example.com
25-04-2023,Troy Hoffman,924318,M,21-05-1982,28053,1,danielhall@example.net
27-03-2023,Mr. Randy Patel,135547,H,26-11-1947,28052,5,jennifer26@example.com
28-06-2023,Michael Valencia,525242,H,04-05-1978,28035,1,tiffanylopez@example.com
10-07-2023,Susan Hines,208561,H,05-10-1998,28024,1,rita71@example.net
02-03-2023,Jared Taylor,345774,M,23-04-1963,28019,5,mrodriguez@example.net
08-05-2023,Alicia Adkins,122602,M,23-11-1949,28010,2,lindseypaula@example.org
23-02-2023,Kayla Allen,601891,H,21-06-1939,28011,0,keithmueller@example.com
21-03-2023,Tyler Saunders,163324,M,19-03-1992,28083,5,sean18@example.org
29-01-2023,Danielle Collins,571029,M,24-01-1927,28006,1,debbieflores@example.com
04-05-2023,Kenneth Alexander,265067,H,21-02-1943,28030,5,kperez@example.org
02-04-2023,Veronica Bishop,650411,M,30-05-1936,28010,5,sarariley@example.net
01-04-2023,Victor Davis,918816,M,22-04-1980,28024,1,ericking@example.org
31-03-2023,Nicole Davis,544113,H,19-06-2004,28010,3,rayaaron@example.net
05-07-2023,Tamara Lane,587173,H,03-11-1928,28027,4,joseph17@example.org
26-06-2023,Angela White,154762,M,17-07-1987,28020,2,montgomerykaren@example.org
09-05-2023,Jessica Krause,405865,M,17-07-1948,28030,3,chendricks@example.com
21-01-2023,William Jones,771374,M,03-09-1945,28025,0,mark07@example.org
16-01-2023,James Davis,356530,M,12-06-1936,28001,0,duncanjessica@example.com
18-07-2023,Sierra Johnson,850032,M,21-05-2004,28007,1,uball@example.org
15-03-2023,Charles Fleming,747620,M,15-09-1945,28032,0,tinagarcia@example.com
15-05-2023,Cody Barker PhD,875936,H,17-11-1973,28006,2,ajackson@example.org
31-05-2023,Diane Cole,632372,M,14-04-1975,28011,1,cainangela@example.org
04-04-2023,Barbara Friedman,551976,M,11-10-1972,28031,5,kaufmanpatrick@example.com
01-07-2023,Daniel Brady,427493,M,29-04-1983,28045,1,serranoeric@example.com
06-07-2023,Andrew Ortiz,506809,H,12-10-2000,28047,3,mooredaniel@example.com
14-04-2023,Brittany Vasquez,153844,M,27-07-1977,28009,1,eleon@example.net
31-03-2023,Courtney Sanchez,515514,M,18-01-1956,28022,0,potterkyle@example.org
22-03-2023,Stephanie May,897104,M,19-08-1938,28009,1,kellygregory@example.org
02-07-2023,Adam Gibson,196754,M,22-01-1971,28030,0,allison83@example.org
02-02-2023,Kevin Ochoa,533023,H,15-08-1963,28033,3,mackashley@example.com
25-01-2023,Mr. Mark Hoffman,132091,M,22-06-1928,28025,0,lharris@example.net
29-05-2023,Andrew Wells,493168,M,12-09-1966,28054,5,wallchristopher@example.org
11-02-2023,Christopher Wilson,463312,M,27-02-1937,28028,2,jenniferclark@example.org
22-01-2023,Richard Monroe,178463,M,26-02-2004,28021,0,melissariley@example.com
06-07-2023,Craig Greene,661127,H,07-08-1978,28050,3,phillip18@example.com
17-05-2023,Stephanie Taylor,338332,H,05-04-1983,28083,4,bsmith@example.com
01-02-2023,Patricia Richard,237618,H,04-06-1956,28017,1,jwhite@example.org
08-04-2023,Brian Mercado,924994,H,15-07-1967,28004,0,arnoldheather@example.net
11-04-2023,Robert Wright,992140,M,13-07-1970,28052,2,hrodgers@example.org
03-04-2023,Brandi Cooper,386905,M,06-06-1990,28025,5,pthompson@example.org
12-01-2023,Nicole Schmidt,379901,M,04-02-1998,28085,0,christine41@example.net
13-07-2023,Sandra Gregory,457401,H,03-11-1926,28028,4,pennyellis@example.net
12-01-2023,Cathy Johnson,945372,M,13-05-1978,28047,3,zrasmussen@example.com
18-03-2023,Barbara Mccann DDS,600962,H,01-03-1949,28051,1,richardruiz@example.com
16-02-2023,Amanda Harrell,181478,H,03-10-1990,28044,5,bryan96@example.com
21-02-2023,Brittney Fox,844424,M,15-02-1960,28015,0,ebonyreyes@example.net
30-06-2023,George Taylor,130651,M,05-05-1934,28045,5,pvaldez@example.net
13-07-2023,Elizabeth Watson,948165,M,26-05-1958,28031,4,rschmidt@example.org
09-04-2023,Paige West,644080,H,21-03-1986,28025,4,eric09@example.org
30-06-2023,Noah Bell,928849,H,09-09-1938,28055,0,matthewsbrandi@example.net
27-02-2023,Michele Reyes,214075,M,27-05-1972,28083,2,jamiethompson@example.org
07-07-2023,Sandra Rangel,512077,H,16-08-1986,28001,0,wendy24@example.net
16-06-2023,Frank Horton,631481,H,25-11-1986,28031,5,anthonyesparza@example.org
09-07-2023,Marilyn Gillespie,567409,H,01-11-1989,28027,5,patelrodney@example.net
29-06-2023,Lisa Taylor,797186,H,01-07-2003,28046,5,millerdustin@example.com
25-07-2023,Kyle Johnson,484231,M,28-10-1960,28008,0,kathleen17@example.org
08-07-2023,Seth Mitchell,777962,M,22-01-1930,28015,1,ddavidson@example.org
27-06-2023,Taylor Gilmore,296853,M,03-10-1989,28026,4,lunapatricia@example.net
03-02-2023,Denise Roach,576650,M,31-03-1937,28040,0,charlotte05@example.org
17-06-2023,Katherine Villarreal,811872,M,10-08-1975,28053,3,rebecca37@example.org
09-01-2023,Lauren Pennington,112764,M,08-01-1990,28010,2,lauriedavis@example.net
19-06-2023,Sabrina Baker,595244,M,04-11-1943,28043,3,taylorrobert@example.org
24-04-2023,Seth Armstrong,667835,M,15-07-1940,28009,0,prestonbanks@example.com
11-04-2023,Sarah Murray,760439,M,08-05-1929,28052,2,mark24@example.net
05-05-2023,Whitney Kim,582047,H,21-05-1949,28019,1,rodriguezbrittney@example.net
24-04-2023,Peggy Kane,618905,H,06-02-1993,28086,2,ybowen@example.org
16-03-2023,Melissa Taylor,295260,M,05-04-1958,28050,4,corygaines@example.com
30-01-2023,Bradley Guerrero MD,698325,M,20-12-1933,28001,3,valenciagary@example.net
25-07-2023,Elizabeth Miller,803844,H,17-02-1970,28049,1,lopezashley@example.net
07-02-2023,Robert Williams,762667,M,02-02-1982,28047,4,ywood@example.org
24-01-2023,Derek Cabrera,173956,M,02-07-1958,28054,0,ystone@example.org
23-05-2023,Drew Owens,771384,H,18-12-1943,28019,2,loretta50@example.com
05-01-2023,Joshua Walker,698451,M,13-10-1939,28052,0,torresjason@example.net
14-07-2023,Rodney King,280427,M,20-06-1983,28040,3,jason36@example.com
15-01-2023,Brian Salazar,731336,M,20-02-1974,28037,5,xwu@example.org
16-06-2023,Megan Perez,704766,M,12-04-1959,28082,2,gharrison@example.com
02-02-2023,Charles Anderson,166296,H,14-04-1954,28008,1,lesliegriffin@example.org
12-01-2023,Lori Green,474520,M,13-05-1979,28020,0,suttonmichael@example.net
26-03-2023,Amanda Hernandez,509855,M,07-02-1964,28045,0,ricardoharris@example.org
07-04-2023,Todd Rush,807248,M,27-06-1988,28030,1,jennifer10@example.com
28-01-2023,Theresa Perez,843877,H,12-12-2004,28087,4,taylorkimberly@example.org
26-03-2023,Ronnie Herrera,160034,M,25-03-1939,28006,2,katherine13@example.com
27-04-2023,Erica Alvarez,390867,M,16-08-1926,28017,5,alyssatorres@example.org
26-07-2023,Melissa Lee,225871,H,31-10-1954,28003,2,tiffanydavis@example.org
20-07-2023,Andrew Smith,867252,M,31-10-1943,28002,0,emily66@example.net
12-04-2023,Robin Mcdonald,746244,M,22-01-1931,28002,5,xkaufman@example.org
07-01-2023,James Wagner,156006,H,21-11-1945,28002,3,simpsontaylor@example.net
19-06-2023,Timothy Murphy,746679,H,14-11-1927,28016,2,garzajeremy@example.org
18-04-2023,Alexis Scott,864527,M,06-08-1935,28082,2,twalter@example.com
30-03-2023,Harold Rodriguez,686331,H,16-02-1967,28048,5,zvincent@example.com
22-07-2023,James Heath,708725,H,16-08-1933,28006,0,henryjames@example.com
14-03-2023,Tristan Jones,981149,M,31-10-1965,28026,2,davidjohnson@example.com
05-06-2023,Ashley Johnson,159369,M,11-09-1952,28038,0,lisamartinez@example.com
14-03-2023,Christopher Moore,143214,M,07-01-1943,28021,2,uwelch@example.com
23-02-2023,Anthony Howard,869131,H,15-05-1990,28051,3,jfox@example.com
31-05-2023,Scott Myers,410822,H,16-05-2005,28028,1,michellecox@example.org
20-07-2023,Wayne Scott,783523,H,08-05-1960,28004,0,tallen@example.com
26-05-2023,Sandra Miller,720931,M,18-02-1928,28032,0,asims@example.com
08-04-2023,Darren Lucas,824198,M,05-09-1938,28025,0,nmendez@example.org
15-01-2023,Lauren Ortega,534098,H,06-09-2000,28023,4,rpowell@example.com
12-05-2023,Michael Haas,481403,M,14-02-1992,28052,1,gnichols@example.com
23-01-2023,Bryan Wilson,573384,H,18-11-1969,28051,5,nguyenshelia@example.com
20-03-2023,Kevin Wade DVM,887150,H,04-12-1988,28010,4,prestonjesse@example.com
03-07-2023,Christina Sanders,294189,M,21-11-1925,28055,4,lindarichardson@example.org
01-03-2023,Daniel Ramirez,173520,M,21-02-1959,28043,4,wintersmarie@example.net
15-01-2023,Madison Thompson,163734,M,29-08-1987,28024,0,rachel84@example.net
03-06-2023,Amy Beck,317861,H,29-04-1972,28044,3,mariamurray@example.com
29-06-2023,Antonio Monroe,257148,H,21-04-1944,28014,3,michaelanderson@example.org
23-04-2023,Angel Sawyer,475306,H,07-06-1949,28010,4,hopkinsrandy@example.com
28-06-2023,Sheila Wright,485456,M,17-10-1939,28052,2,lweber@example.net
28-06-2023,Steven Young,234888,M,08-06-1959,28054,0,michael34@example.net
23-02-2023,Brian Marquez,824314,M,21-12-1949,28046,4,parker11@example.org
28-02-2023,Joseph Morgan,817212,H,08-07-1989,28053,3,david11@example.org
11-02-2023,Kaitlyn Tucker,255480,H,02-03-1926,28070,3,victoria66@example.org
11-03-2023,Michael Torres,824202,H,12-09-1922,28008,5,parrishlauren@example.org
19-03-2023,Tina Mason,767777,H,12-10-1925,28048,3,jonathan29@example.com
23-06-2023,Nicole Werner,110604,M,12-08-1944,28027,2,alexanderdavid@example.org
21-02-2023,Christopher Lee,899809,M,08-09-1995,28045,4,ryanjohnson@example.net
11-07-2023,Stephanie Nguyen,344603,H,03-07-1980,28015,5,tracy11@example.org
05-01-2023,Bryce Harris,657762,M,08-05-1937,28087,0,vincentvasquez@example.org
29-03-2023,Peggy Scott,301212,M,30-08-1932,28036,2,norrisjessica@example.com
08-05-2023,Stephanie Rosario,627928,H,22-09-1970,28020,3,sarahnelson@example.org
17-07-2023,Donna Jones,541887,M,19-01-1958,28003,0,jennifer59@example.com
08-02-2023,Holly Garcia,438021,H,08-06-1926,28033,4,jenniferhawkins@example.net
20-04-2023,George Reese,810450,M,24-07-1952,28082,5,katie33@example.net
16-03-2023,Ashley Vazquez,770261,H,29-08-1972,28054,5,dianepearson@example.net
14-04-2023,Jay Reeves,921528,M,25-03-1944,28029,3,jamie16@example.com
25-03-2023,Christopher Potter,297370,H,05-03-1992,28053,4,riverabenjamin@example.com
15-07-2023,Nicole Buchanan,305160,M,09-04-1991,28016,1,carmenrichardson@example.net
29-06-2023,Dean Rios,886014,H,23-04-1998,28008,0,theresa42@example.org
01-03-2023,Jordan Dean,575161,M,01-10-1940,28042,3,justin95@example.com
14-02-2023,Mark Klein,214996,H,05-10-1974,28027,4,robersonvictor@example.com
28-05-2023,Shannon Smith,653176,M,05-07-1966,28011,5,ewhite@example.org
15-05-2023,Jose Watkins,459417,H,23-09-1950,28027,5,jeffery92@example.org
14-06-2023,Jeffrey Martin,377300,H,24-02-1942,28048,0,steven70@example.com
03-03-2023,Dr. Steven Martinez MD,353031,H,04-02-2001,28038,4,badkins@example.net
16-06-2023,Robert Cooper,389610,H,21-06-2004,28026,3,hmccarthy@example.com
02-01-2023,Jonathan Kennedy,106510,M,14-05-1975,28012,2,paynejoseph@example.com
08-04-2023,Ronald Mata,709332,H,29-03-1962,28037,2,icamacho@example.net
20-03-2023,Scott Roberts,892787,H,10-10-1957,28034,3,twarren@example.com
02-03-2023,Scott Williams,198134,H,11-03-1962,28022,0,maldonadogary@example.com
01-02-2023,Ralph Wilson,689363,M,06-10-1933,28050,3,adoyle@example.net
20-07-2023,Mark Gomez,555261,M,01-09-1934,28029,2,masonharper@example.com
01-01-2023,Michelle Allen,542479,H,12-10-1997,28020,1,brandy13@example.net
09-01-2023,Keith Sparks,147578,H,13-07-1926,28087,0,robertherrera@example.net
25-07-2023,Stephanie Smith,757360,H,13-02-1956,28038,1,megan61@example.org
05-01-2023,Joseph Kemp,427520,H,20-04-1972,28039,4,johnwong@example.net
14-01-2023,Connie Flores,985220,H,14-03-1946,28010,1,qjackson@example.net
01-03-2023,Brian Erickson,110196,M,16-08-1951,28071,2,zjackson@example.org
18-04-2023,David Jackson,452825,M,27-03-1983,28085,5,zshah@example.org
16-02-2023,Haley Sherman,973863,H,07-04-1971,28011,5,andersonpatricia@example.net
09-04-2023,Joseph Wright,801374,H,02-04-1948,28042,1,rmurphy@example.com
20-05-2023,Kenneth Lopez,269337,M,16-08-1948,28034,1,carrollmichael@example.org
05-06-2023,Alexandria Mills,437648,H,02-04-2001,28007,0,timothy05@example.org
05-02-2023,Kimberly Alvarez,170341,M,10-03-1928,28083,3,halljustin@example.org
22-07-2023,Martin Estrada,640937,M,25-01-1983,28020,5,kevinflores@example.org
23-01-2023,Christina Brown,983350,M,12-04-1993,28046,3,karen38@example.org
16-05-2023,Tracy Davis,922025,H,17-12-1928,28010,3,shepherdjohn@example.net
01-01-2023,Andrea Perez,846282,H,17-06-1978,28047,0,olsonvictoria@example.net
22-05-2023,Mrs. Brandi Gomez,547349,H,13-09-1998,28039,4,nrobertson@example.org
29-01-2023,Jenna Evans,232234,H,26-08-1967,28082,4,kelsey23@example.net
01-05-2023,Michael Young,294787,M,17-12-1969,28002,1,markguzman@example.org
09-05-2023,Karen Smith,686389,M,05-08-1973,28029,0,olucas@example.com
12-02-2023,Jeremy Brown,292604,M,21-05-2002,28005,4,haileyaustin@example.net
05-04-2023,Lisa Peters,227231,M,14-05-1932,28071,4,richard53@example.org
07-07-2023,Edward Anderson,609476,H,14-08-1999,28043,3,usmith@example.net
02-06-2023,Cassandra Duran,560629,H,22-02-1965,28087,5,maryguzman@example.net
14-01-2023,Andrew Cox,962419,M,14-01-1941,28028,3,bergmary@example.org
30-03-2023,Brendan Edwards,324314,H,13-04-1932,28001,3,kbrown@example.org
19-06-2023,Jacqueline Rollins,971054,H,02-01-1947,28017,4,krogers@example.org
24-03-2023,Elizabeth Mitchell,981119,H,08-09-1981,28041,2,spencecassandra@example.org
28-03-2023,Lisa Williamson,324521,M,13-01-1932,28042,1,martinmichael@example.com
13-07-2023,Linda Maxwell,806759,H,07-04-1935,28015,0,bensoncurtis@example.net
24-07-2023,Samantha Curry,629396,M,09-02-1925,28019,4,laura37@example.com
26-02-2023,Bruce Obrien,675253,M,06-04-1988,28085,4,annette64@example.net
13-06-2023,Ebony Ramirez,983949,H,23-10-1941,28036,2,joshua33@example.org
17-03-2023,Patricia Wyatt,690963,H,14-03-1929,28049,2,vwalsh@example.com
15-04-2023,Joseph Bailey,748705,H,30-01-1924,28080,2,marshalljason@example.com
08-06-2023,Kevin Terrell,802365,M,10-12-1939,28028,3,jamesgeorge@example.com
23-03-2023,Benjamin Baker,480792,M,15-12-1998,28043,5,donna08@example.org
17-02-2023,Elizabeth Gordon,637147,H,06-11-1964,28006,1,albert47@example.net
18-04-2023,Donna Santos,246691,H,13-01-1925,28021,3,ellen33@example.org
17-07-2023,Chelsea Oconnor,158420,M,09-10-1970,28025,2,leesutton@example.com
23-06-2023,Danielle Ford,961681,M,18-11-1987,28004,1,victoriatrujillo@example.org
30-06-2023,Justin Zimmerman,953921,H,10-07-1938,28086,2,nathanielscott@example.com
15-06-2023,Jacob Green,638632,M,22-08-1967,28020,0,rmartinez@example.net
16-03-2023,Sharon Harris,628435,M,15-09-1931,28040,1,renee94@example.org
25-01-2023,Elizabeth Cortez,821195,M,18-12-2002,28048,0,jeffreyjames@example.com
02-02-2023,Daniel Gonzales,271574,M,20-02-1997,28026,3,davidwolf@example.com
21-05-2023,Thomas Robertson,913564,H,01-11-1988,28022,5,christopherpearson@example.net
18-05-2023,Traci Mclaughlin,483585,M,01-08-1992,28035,1,larry76@example.net
03-07-2023,Ricardo Garcia,685934,H,23-11-1985,28048,5,gvance@example.org
09-04-2023,Michelle Henderson,988459,M,03-06-1928,28019,2,erinedwards@example.com
21-06-2023,James Olson,809963,H,03-09-1990,28043,3,khunter@example.net
29-05-2023,Daniel Gonzalez,703662,M,11-06-1995,28049,3,paul24@example.com
28-04-2023,Samantha Dodson,630199,M,27-02-1931,28041,1,vincent28@example.com
24-01-2023,Brandy Bradshaw,843714,H,06-07-1930,28042,4,chandlervictoria@example.org
06-05-2023,Kim Rivera,497565,M,15-07-1963,28040,2,sharon41@example.net
23-07-2023,Dr. Dorothy King,724725,H,07-01-1985,28006,5,melissa98@example.org
09-04-2023,Michael Palmer,375786,H,07-10-1962,28022,5,cbarker@example.com
09-04-2023,Isaiah Rice,424071,M,22-08-1939,28038,4,twilliams@example.com
08-03-2023,Thomas Cook,793486,M,13-10-1998,28050,0,dylanfrazier@example.com
02-05-2023,Jennifer Peters,199430,M,01-08-1975,28028,0,elijah15@example.com
10-07-2023,Kathleen Calderon,346269,H,15-06-1934,28005,2,nicolebates@example.net
30-04-2023,Maria Ayala,530867,M,21-04-1943,28020,5,davidmcgee@example.org
01-07-2023,Rachel Adams,466921,M,21-03-1986,28034,3,mscott@example.net
30-03-2023,Jessica Vargas,470727,M,14-06-1968,28045,0,gilessteven@example.com
13-07-2023,Megan Allen,441163,H,19-07-1923,28040,2,whitney02@example.com
13-04-2023,Emily Rogers,249744,M,14-12-1991,28040,5,kgonzalez@example.net
12-06-2023,Joseph Wilson,838075,M,03-01-1951,28080,2,patricia30@example.org
05-06-2023,Catherine Garza,103618,M,17-06-2004,28001,5,bradyrachel@example.com
13-02-2023,Megan Roberts,472029,M,28-07-1946,28043,0,williamssherri@example.net
26-07-2023,Paige Myers,894287,H,02-08-1986,28013,3,cscott@example.com
26-01-2023,Stephanie Clark,741487,H,04-06-1969,28038,0,malloryfrench@example.org
01-05-2023,Christopher Villa,569922,M,29-05-1964,28030,3,milleranthony@example.com
27-06-2023,Dylan Wallace,343671,M,08-03-2005,28020,4,zesparza@example.org
14-02-2023,Gregory Wells,605239,M,14-04-2003,28016,1,doylesteven@example.net
20-06-2023,Kimberly Bender,968169,H,17-08-2002,28008,1,michellesmith@example.net
18-03-2023,Wendy Martinez,670393,H,20-12-1978,28023,4,cdiaz@example.com
01-06-2023,Abigail Morrison,331332,H,26-08-1946,28035,2,eodom@example.com
22-02-2023,Erin Harris,995464,M,02-10-1953,28024,4,yestrada@example.org
06-04-2023,Tina Graham,295049,H,18-05-1974,28052,5,alexander94@example.net
17-04-2023,Ashley Smith,773370,M,02-09-1979,28004,0,nclark@example.com
15-02-2023,Lindsay Morgan,551754,H,06-02-2002,28080,2,kevin32@example.net
12-07-2023,Dana Anderson,291356,H,02-12-1933,28027,3,brooke11@example.org
07-06-2023,Megan Clarke,765536,M,06-09-1926,28022,5,jennifer95@example.net
16-07-2023,Lisa Brown,667445,H,24-08-2002,28050,1,walter81@example.com
03-02-2023,Joseph Rogers,444674,M,16-04-1973,28036,4,nancyholmes@example.net
29-05-2023,Carol Cruz,955437,M,14-01-1941,28020,5,jason75@example.org
22-03-2023,Samantha Gonzalez,307875,M,27-12-1952,28071,2,sarahevans@example.com
22-04-2023,Luis Garrett,715544,M,21-04-1939,28087,5,wadeheather@example.org
24-05-2023,Philip Garrett,929045,M,06-05-1992,28032,0,rbaird@example.com
17-06-2023,Derek Wilkerson,840256,H,26-10-1943,28055,5,higginsdeborah@example.org
06-05-2023,Colton King,990101,H,08-01-1934,28017,1,joanne33@example.org
07-07-2023,Sarah Paul,406015,M,26-03-1936,28045,4,cantuchristopher@example.org
08-04-2023,Laura Villanueva,310322,M,18-04-1939,28047,4,iwilliamson@example.org
13-01-2023,Teresa Rodriguez,620436,H,19-03-1971,28026,5,barryamanda@example.org
19-02-2023,Melissa Miller,113134,H,26-10-1984,28071,1,nathanscott@example.com
31-05-2023,Lisa King,882768,M,11-07-1995,28024,0,jeremywatson@example.org
05-04-2023,Sarah Jones,927192,H,16-04-1980,28013,2,moorelindsay@example.org
20-02-2023,Elizabeth Hurley,462352,H,24-05-1971,28029,1,bhicks@example.net
15-05-2023,Joseph Johnson,149286,M,17-06-1969,28055,4,amanda45@example.net
11-07-2023,Jill Young,407513,M,18-08-1950,28030,0,betty26@example.net
13-04-2023,Donna Mcconnell,961925,H,13-12-1976,28008,5,madeline50@example.org
21-06-2023,Kelly Patton,268055,M,10-06-1953,28044,1,deborah89@example.net
06-04-2023,Drew Klein,768026,M,11-02-2003,28048,0,mckinneybrittany@example.com
28-06-2023,Darrell Mcclure,994164,H,08-02-1976,28071,1,vstephens@example.net
19-01-2023,Bryan Chandler,199588,H,18-03-1958,28040,4,ashley14@example.com
04-02-2023,Timothy Collins,995015,M,08-11-1938,28086,2,millerryan@example.net
25-07-2023,Martin Williams,699793,M,05-08-1970,28021,2,jessica74@example.org
27-05-2023,Brent Ortiz,504869,H,18-04-1944,28009,0,pwatts@example.org
26-04-2023,Miguel Sheppard,689494,H,17-08-1954,28052,3,samuel53@example.net
28-03-2023,Megan Webb,872647,M,15-11-1933,28025,2,vstevens@example.org
24-03-2023,Anita Cook,425066,H,05-09-1938,28085,2,kelly40@example.com
06-05-2023,Michelle Blake,716894,M,14-08-1978,28035,3,jennifer30@example.com
30-06-2023,Elizabeth Rodriguez,771052,H,13-01-1985,28012,3,christopher46@example.org
21-03-2023,Troy Wallace,204879,H,08-05-1987,28025,1,qwilliams@example.org
14-07-2023,Cassandra Harding,616147,M,10-06-1989,28071,1,oriley@example.org
18-02-2023,Patrick Cook,475759,M,19-03-1990,28005,5,porterkayla@example.org
18-03-2023,Sarah Hardy,742357,H,11-06-1994,28022,5,mary32@example.net
31-03-2023,Alexandra Barker,713910,M,30-11-2004,28086,2,carla45@example.com
24-05-2023,Elizabeth Bennett,387717,M,27-12-1930,28034,1,robertbrown@example.org
18-01-2023,Cassidy Chambers,244824,H,14-07-1980,28053,0,swagner@example.com
05-06-2023,Kenneth Wallace,232238,H,23-04-1988,28041,0,tinamclean@example.com
01-05-2023,Justin Lamb,462654,H,14-03-1937,28008,3,roachwilliam@example.com
04-06-2023,Rebecca Sanders,712873,H,29-01-1976,28071,2,kayladean@example.net
24-06-2023,Matthew Martin,297543,H,06-06-1995,28002,0,timothy21@example.com
27-02-2023,Debra Cox,487513,H,10-01-1973,28054,1,udonovan@example.org
05-05-2023,Aaron Walters,742231,H,07-12-1939,28001,0,stephanie54@example.org
19-06-2023,Keith Cross,249107,H,25-08-1932,28037,0,steven38@example.com
07-02-2023,Connor Hart,371458,H,03-11-1993,28010,1,robert55@example.net
18-03-2023,Joan Long,589966,H,22-08-1990,28029,0,spencersteven@example.org
18-02-2023,Ryan Rodriguez,850835,H,11-02-1959,28001,4,logan70@example.com
05-02-2023,Melanie Dickson MD,820670,M,21-07-1985,28032,1,anthonyorr@example.net
24-03-2023,Benjamin Moore,855969,H,05-06-1967,28009,1,tmartinez@example.org
07-01-2023,Ricardo Wood,689693,M,17-10-1977,28048,2,hsanchez@example.com
13-03-2023,Dawn Lee,291680,M,28-10-1978,28021,4,umorrison@example.com
08-06-2023,Michael Kelley DDS,893925,M,05-03-1972,28047,4,elizabethspencer@example.org
28-06-2023,Michael Mcdonald,893405,H,22-11-1929,28031,4,amanda82@example.net
06-02-2023,Monica Johnston,641732,M,19-10-1930,28029,5,janetdavis@example.net
03-07-2023,Jeffery Moore,963145,M,28-03-1924,28071,3,garciafrederick@example.net
11-05-2023,Sydney Jacobs,316320,H,25-04-1989,28086,4,richard10@example.org
08-07-2023,David Hernandez,333383,H,27-01-1924,28028,4,xlynch@example.com
11-03-2023,Vanessa Hall,306042,M,05-04-1981,28007,5,michael44@example.net
17-02-2023,James Blake,214321,H,27-08-1976,28041,2,johnmartinez@example.com
16-05-2023,John Herrera,828715,H,17-06-1932,28017,5,michaelalan@example.org
08-01-2023,Laura Johnson,592296,M,21-02-1924,28016,3,patricia35@example.net
27-06-2023,Troy Gillespie,470224,M,21-05-1978,28025,1,theresasanchez@example.net
06-02-2023,Laura Jones,117961,H,14-04-1971,28022,2,millerrobert@example.org
22-07-2023,Mr. David West,529976,H,23-01-1981,28033,1,craigjohnson@example.net
14-03-2023,James Nguyen,765390,M,20-03-1925,28047,4,kevin27@example.org
06-02-2023,Jacob Martinez,616024,M,08-10-1987,28029,1,browncameron@example.net
27-03-2023,Lisa Kelley,344058,H,10-10-1944,28082,2,joshuamendez@example.com
06-03-2023,Kari Davis,153603,M,30-06-1953,28032,4,cliffordcastillo@example.org
04-07-2023,Donald Mckinney,833277,M,28-10-1949,28031,1,kayla90@example.net
17-07-2023,Joshua Payne,408835,M,17-11-2000,28019,3,samantha09@example.org
27-04-2023,Marc Fernandez,706180,M,08-05-1929,28083,3,bushbruce@example.net
28-06-2023,Jill Watson,938756,M,22-04-1932,28036,4,stephanie70@example.org
20-02-2023,Sarah Petersen,958394,M,30-11-1963,28070,2,jonesterry@example.com
21-01-2023,Jaime Olsen,216366,H,19-02-2002,28030,0,rebecca49@example.net
19-01-2023,Janet Ryan,484772,H,15-09-1964,28017,0,hsandoval@example.com
05-07-2023,William Collins,330199,H,20-07-1945,28015,1,ahayes@example.net
29-04-2023,Claudia Strickland,351356,H,30-10-1975,28028,5,jeffrey07@example.net
31-03-2023,Danielle Garcia,219465,M,17-08-1982,28030,0,torresjessica@example.net
18-06-2023,Anthony Ruiz,257640,M,03-01-1951,28015,5,mporter@example.net
30-05-2023,Patrick Gay,584624,M,10-05-1941,28017,0,pedrogibson@example.org
15-04-2023,Blake Vargas,397052,M,07-05-1988,28025,2,sheri10@example.com
01-01-2023,Jackie Case,139389,H,09-05-1988,28008,0,burketamara@example.org
10-02-2023,Robert Higgins,666959,M,22-04-1989,28055,1,perezchristie@example.org
11-01-2023,Dorothy Delgado,861129,M,13-10-1985,28021,1,sweeneybenjamin@example.org
06-05-2023,Ryan Mayo,982003,H,02-04-1977,28039,2,johnnavarro@example.org
19-04-2023,Richard Banks,446372,M,02-01-1947,28050,5,bennettomar@example.com
12-06-2023,Andrea Wilson,921261,M,21-11-2003,28025,4,williamsgabriela@example.org
09-04-2023,John Ray,335716,M,09-11-1980,28070,5,gallen@example.org
15-07-2023,Joshua Small,223215,M,29-02-1976,28003,1,bryanperry@example.org
09-07-2023,John Smith,952424,M,21-08-1932,28087,2,rosemoon@example.org
21-05-2023,James Williams,222009,H,11-06-1956,28022,4,robert60@example.com
21-03-2023,Dawn Smith,415911,M,05-05-1978,28041,2,wgarcia@example.org
21-04-2023,Karen Weaver,171758,H,21-11-2003,28011,1,katherine57@example.net
27-04-2023,Tracie Brown,677630,M,11-03-1985,28011,2,paul55@example.com
17-02-2023,Michael Jackson,202812,H,17-01-1999,28003,1,meltonruth@example.net
16-05-2023,Dustin Andrews,369787,M,15-03-1931,28004,0,malik83@example.net
11-02-2023,Mary Hudson,894482,M,01-07-1986,28031,1,gmoore@example.net
24-06-2023,Bradley Graham,517852,H,23-07-1964,28003,2,allenkatelyn@example.com
08-01-2023,Jonathan Huang,125636,M,01-06-1977,28016,4,jeffreydouglas@example.com
06-07-2023,Dustin Knight,110133,H,26-02-1933,28024,4,heathruth@example.net
13-02-2023,Kelly Medina,686485,M,17-04-2004,28017,3,davidsonmatthew@example.org
16-07-2023,Alison Hubbard MD,529819,M,06-10-1991,28046,4,joseph51@example.com
10-01-2023,Tammy Johnson,305437,H,10-06-1946,28004,2,coleashley@example.net
26-03-2023,Preston Murphy,723459,H,07-05-1939,28050,2,reginaldsmith@example.net
07-02-2023,Matthew Lawrence,291418,M,07-12-1946,28040,0,jesse25@example.net
23-01-2023,Sarah Estrada,938488,M,05-09-1972,28044,0,mercedeswagner@example.com
22-01-2023,Maria Page,271201,H,24-08-1968,28070,2,kelleydavid@example.net
05-01-2023,Amy Jones,269752,M,25-05-1990,28052,0,jamiehernandez@example.com
08-05-2023,Eric Young,299404,M,09-06-2003,28014,5,ruben87@example.org
17-07-2023,Thomas Marshall,109350,M,16-11-1979,28020,4,alejandroclark@example.net
22-07-2023,Trevor Morton,890286,M,24-01-1956,28033,4,tlee@example.net
12-03-2023,James Arnold,457460,H,28-06-1990,28028,2,morrisanthony@example.net
18-02-2023,Steven Parker,163144,M,13-06-1982,28015,0,christophergraham@example.net
27-06-2023,Tina Warren,677323,M,29-06-1975,28031,5,ijones@example.com
03-04-2023,Tracy Scott,552748,H,28-08-1983,28053,3,ellisthomas@example.org
07-04-2023,Michael Brandt,885045,H,24-07-1927,28030,4,devin18@example.org
03-06-2023,John Gray,786662,H,14-03-1941,28040,3,woodsbarry@example.com
20-07-2023,Timothy Moore,521952,M,11-06-1941,28083,1,treed@example.com
20-01-2023,Amanda Nguyen,160537,H,29-07-1980,28045,5,fisherfred@example.org
02-06-2023,Austin Larson,280122,M,08-01-1999,28023,0,jennifer71@example.com
10-02-2023,Deborah Powers,840146,M,15-09-1990,28035,4,amymills@example.org
18-02-2023,Yolanda Walker,836546,M,02-11-1946,28021,1,howardrobert@example.org
03-05-2023,Melinda Welch,870465,H,21-07-1993,28027,1,edwardmay@example.net
08-07-2023,Eric Young,807918,M,27-02-1998,28054,5,amanda63@example.org
05-04-2023,Ruth Alvarez,252776,H,12-01-1952,28016,2,jonathanhenson@example.net
10-02-2023,Elizabeth Ewing,735993,M,08-11-1931,28023,1,drodriguez@example.org
22-03-2023,Rebecca Anderson,231610,H,21-10-1956,28047,4,summersbrittany@example.com
12-05-2023,Charles Wilson,907123,H,09-10-1942,28035,3,mark28@example.net
21-04-2023,Scott Cummings,632007,H,07-04-1987,28080,2,fdillon@example.org
28-06-2023,Kaitlyn Allen MD,178593,M,03-11-1994,28030,1,melissa48@example.net
04-05-2023,Brianna Woodard,532781,H,19-03-1953,28024,4,ethanmanning@example.net
18-05-2023,Joyce Johnson,469099,H,17-02-1946,28082,3,thomasphillip@example.net
05-04-2023,Terri Davis,689150,H,31-03-1952,28039,5,peter40@example.com
24-06-2023,Jillian Gardner,626347,H,07-09-2002,28030,2,jcase@example.org
04-07-2023,Rachel Vincent,126063,M,23-10-1984,28019,0,vwood@example.com
10-01-2023,Justin Harvey,584135,H,15-01-1934,28071,1,fkidd@example.org
26-06-2023,Andrew Jenkins,373667,H,05-11-1958,28054,0,donaldfry@example.org
17-05-2023,Ms. Courtney Lewis,798659,H,20-03-1990,28083,3,jill52@example.com
15-06-2023,Ethan Henderson,149538,H,08-10-1961,28053,3,timothy62@example.com
28-06-2023,Brian Townsend,790730,M,20-10-1951,28039,2,jessica20@example.com
25-05-2023,Darius Bryant,894485,H,17-12-1926,28019,1,smithtony@example.org
25-03-2023,Brian Blanchard,487793,M,29-12-1968,28020,2,donna71@example.com
19-01-2023,Angela Simmons,137530,M,15-07-1988,28040,3,lynnsuarez@example.org
20-07-2023,Ronald West,545716,M,03-01-1958,28003,3,gblair@example.com
20-03-2023,Trevor Caldwell,813578,M,20-10-1977,28005,5,andersongabriel@example.org
02-05-2023,Mrs. Kirsten Mcdonald,183806,M,18-06-1933,28015,3,kristawest@example.com
29-01-2023,Dylan Ibarra,299862,H,17-10-1996,28030,1,ewhitaker@example.org
16-01-2023,Tiffany Skinner,720662,M,20-11-2004,28033,0,julia21@example.org
29-04-2023,Ariel Williams,917325,M,04-09-1993,28021,4,chadholt@example.net
12-02-2023,Shawn King,574934,M,28-06-1937,28031,4,wmccoy@example.com
22-05-2023,Jake Castro,723458,M,05-08-1952,28004,4,longjames@example.com
23-07-2023,Andre Mendez,995997,M,03-03-1937,28052,5,vharper@example.net
31-03-2023,John Jordan,229750,H,12-03-1982,28024,3,hokimberly@example.org
11-06-2023,Jennifer Olson,270236,H,20-12-1933,28037,4,trevinomichelle@example.org
26-02-2023,Michael Sanchez,894489,H,16-01-1986,28087,2,phoover@example.com
24-04-2023,Pamela Key,736956,M,16-05-1951,28085,5,davidtodd@example.org
24-03-2023,Cathy Thompson,521472,H,26-09-1984,28040,4,alvareznicole@example.com
21-03-2023,Jared Scott,489486,H,10-07-1949,28087,4,sheliafriedman@example.net
30-04-2023,Paul Marquez,611324,M,03-05-1941,28087,3,davidhouston@example.com
09-04-2023,Kimberly Duran,600961,H,18-11-1945,28049,1,cowanlindsey@example.net
21-03-2023,Katherine Jensen,463826,M,05-04-1952,28014,3,ldavis@example.com
01-04-2023,Edwin Gilbert,939951,M,30-10-1964,28011,1,joydean@example.org
15-05-2023,Travis Mejia,997308,H,25-07-1978,28051,5,vincentspears@example.com
08-02-2023,Jesse Rojas DDS,394671,M,15-11-1931,28020,3,hendersonleah@example.net
02-06-2023,Robert James,656545,H,30-01-1968,28038,2,williamsbrittany@example.org
03-05-2023,Donald Rowe,448893,H,06-01-1977,28049,4,kennedystacey@example.net
01-01-2023,Michael Edwards,204588,H,21-09-1982,28027,0,whitemelissa@example.com
23-06-2023,Keith Strickland,957233,M,04-09-1957,28012,4,matthewkoch@example.com
29-06-2023,Amanda Hughes,855327,H,15-02-1996,28086,5,jessicavaldez@example.com
26-05-2023,Mrs. Jenny Schaefer,722154,H,25-03-1928,28030,5,mitchellsylvia@example.com
30-05-2023,Debra Logan,382074,M,07-06-1955,28042,5,woodstiffany@example.net
10-03-2023,Misty Stevens,265078,M,29-01-1945,28005,4,duncandennis@example.com
03-05-2023,Timothy Lucas,220514,H,27-06-1963,28017,3,whitedanielle@example.org
01-05-2023,Allison Knox,143216,H,01-12-1949,28043,2,thomas32@example.net
01-06-2023,Austin Garcia,519172,M,17-07-1985,28025,2,davidwalker@example.org
04-06-2023,Denise Peters,425214,H,27-01-1939,28033,1,iwheeler@example.net
03-07-2023,Larry Sanders,914780,M,19-08-1994,28001,4,lisa14@example.org
01-02-2023,Samuel Richards,436623,M,11-07-1959,28018,1,daniel91@example.net
10-06-2023,Jose Burton,178744,H,07-01-1971,28046,1,deniseyates@example.net
20-06-2023,Karen Collins,590735,M,23-10-1978,28032,0,zreed@example.com
31-03-2023,Laura Harrell,233945,H,06-04-1924,28038,0,shines@example.com
23-04-2023,Scott David,803069,H,21-04-1942,28023,5,davidthompson@example.org
25-07-2023,Melissa Yates,924756,M,07-10-1947,28035,4,cheryl46@example.org
12-01-2023,Lauren Rogers,668387,H,02-03-1951,28013,0,shawshawn@example.net
22-06-2023,Brittany Espinoza,775853,H,19-08-1988,28011,3,smithveronica@example.com
16-01-2023,Mr. James Weiss,281251,H,12-01-1985,28031,2,patriciamckinney@example.org
14-06-2023,Jacqueline Hardin,439991,H,28-09-1928,28019,0,jamesclayton@example.com
08-03-2023,Michael Taylor,311155,M,21-01-1927,28018,3,smithjudy@example.org
06-04-2023,Sharon Johnson,707079,M,20-05-1967,28082,4,fcox@example.org
07-07-2023,Christine Lee,416237,H,14-03-1997,28023,2,patriciagomez@example.com
16-06-2023,Shawn Barrett,467947,M,12-04-1974,28016,1,hallshawn@example.net
28-04-2023,Kelly Rogers,604943,H,20-09-1936,28019,3,ewhite@example.com
21-03-2023,Kimberly Walsh,724819,H,11-01-2002,28001,2,ahall@example.org
15-05-2023,Justin Allen,773604,M,17-02-1984,28007,0,rjones@example.org
24-06-2023,John Buchanan,300573,H,20-04-1997,28002,1,peter41@example.org
17-04-2023,Kyle Tucker,350446,M,03-12-1932,28085,1,katherinemedina@example.org
04-05-2023,Lisa Hamilton,746376,H,31-12-1966,28029,5,larryklein@example.org
01-03-2023,Jose Holland,433381,H,25-03-2002,28011,2,mark79@example.net
13-01-2023,Mark Gilbert,781809,H,20-04-1923,28014,2,josephclarke@example.org
27-06-2023,Dr. Regina Stewart,938407,M,26-05-1953,28038,4,martha37@example.org
02-03-2023,Jennifer Walker,186856,M,11-07-1965,28037,0,dholmes@example.com
21-05-2023,Patricia Peterson,693626,M,26-10-1926,28007,0,shawdarlene@example.net
19-04-2023,Bonnie Duncan,866243,H,25-01-1934,28033,0,amandagallegos@example.com
30-01-2023,Dr. Natalie Young,247257,M,12-04-2005,28007,3,justincochran@example.com
17-07-2023,Victor Morgan,391019,M,07-01-1976,28030,1,smithlawrence@example.com
09-01-2023,Kristin Brown,600076,M,17-10-1968,28024,5,mwhite@example.org
21-05-2023,Bradley Goodman,623355,M,27-07-1995,28085,4,johnsonzachary@example.com
08-04-2023,Sean Jenkins,887915,H,26-06-1973,28053,2,hancocklynn@example.net
27-06-2023,Jennifer Johnson,948864,H,29-09-1937,28043,0,boyerheather@example.org
28-06-2023,Tyler Allen,213609,M,04-06-1986,28002,0,jdiaz@example.org
27-06-2023,Sarah Williams,262744,H,20-12-1977,28023,0,brianamurphy@example.com
23-05-2023,Luis Mercer,591958,M,20-07-1957,28034,3,jennifermiller@example.org
30-06-2023,Kristi Jones,174517,H,03-11-1942,28040,2,palmertiffany@example.com
12-04-2023,Teresa Esparza,529025,H,06-03-1991,28080,4,davisrobert@example.net
09-06-2023,Cynthia Freeman,795892,M,10-08-1975,28085,0,pattersonalexis@example.com
15-06-2023,Robert Price,625056,M,15-02-1988,28015,2,ngallegos@example.com
01-07-2023,Kelly Gordon,504192,H,14-10-1934,28071,2,travisbryant@example.org
17-04-2023,Teresa Myers,500752,M,18-01-1988,28083,2,tyler71@example.net
17-02-2023,Gregory Miller,920699,M,29-03-1939,28028,5,andrea28@example.com
04-03-2023,Tracey Cox,895617,H,20-03-1959,28033,3,thompsonjamie@example.com
10-04-2023,Mary Pacheco,212788,M,17-04-1979,28035,1,freed@example.net
01-01-2023,Charles Johnson,611347,M,04-08-1971,28034,4,larajason@example.org
18-04-2023,Mark Wallace,507643,M,15-05-1982,28071,3,biancawebb@example.net
26-03-2023,Emily Hicks,779831,H,07-03-1929,28083,5,sarahwoods@example.org
17-02-2023,Mark Fischer,660561,M,18-11-1952,28014,1,fsmith@example.com
02-03-2023,Jessica Weber,157384,H,14-08-1946,28034,2,baldwinjon@example.org
25-05-2023,Alejandro Maldonado,839759,H,21-08-1937,28042,3,robertsoncassandra@example.com
22-05-2023,Amanda Tate,261076,M,23-08-1972,28008,5,james80@example.org
01-03-2023,Hannah Luna,204336,H,14-08-2002,28083,4,romanmargaret@example.com
26-02-2023,Christopher Powell,802317,M,12-08-1930,28054,1,veronicajohnson@example.com
02-02-2023,Sara Morse,549513,M,22-07-1924,28053,2,liubrenda@example.net
04-02-2023,Dr. Peter Curry,292753,M,16-05-1942,28026,4,orivera@example.net
12-03-2023,Dwayne Gordon,103476,M,01-02-1995,28071,5,steven49@example.net
